{
    "swagger": "2.0",
    "info": {
        "title": "Subscriptions service",
        "contact": {},
        "version": "1.0"
    },
    "paths": {
        "/subscriptions": {
            "get": {
                "description": "Get list of the subscriptions",
                "produces": [
                    "application/json"
                ],
                "tags": [
                    "subscriptions"
                ],
                "summary": "Get list of the subscriptions",
                "responses": {
                    "200": {
                        "description": "OK",
                        "schema": {
                            "type": "array",
                            "items": {
                                "$ref": "#/definitions/dto.Subscription"
                            }
                        }
                    },
                    "404": {
                        "description": "Subscriptions list is empty",
                        "schema": {
                            "type": "string"
                        }
                    },
                    "500": {
                        "description": "Internal error",
                        "schema": {
                            "type": "string"
                        }
                    }
                }
            },
            "post": {
                "description": "Add a new subscription",
                "consumes": [
                    "application/json"
                ],
                "produces": [
                    "text/plain"
                ],
                "tags": [
                    "subscriptions"
                ],
                "summary": "Add a new subscription",
                "parameters": [
                    {
                        "description": "Subscription data",
                        "name": "request",
                        "in": "body",
                        "required": true,
                        "schema": {
                            "$ref": "#/definitions/dto.Subscription"
                        }
                    }
                ],
                "responses": {
                    "201": {
                        "description": "created",
                        "schema": {
                            "type": "string"
                        }
                    },
                    "400": {
                        "description": "bad request",
                        "schema": {
                            "type": "string"
                        }
                    },
                    "500": {
                        "description": "interbal server error",
                        "schema": {
                            "type": "string"
                        }
                    }
                }
            }
        },
        "/subscriptions/sum": {
            "get": {
                "description": "Get subscription by it's serial primary key",
                "produces": [
                    "application/json"
                ],
                "tags": [
                    "subscriptions"
                ],
                "summary": "Get subscription by id",
                "parameters": [
                    {
                        "type": "string",
                        "description": "user_id (UUID)",
                        "name": "user_id",
                        "in": "query"
                    },
                    {
                        "type": "string",
                        "description": "Service name",
                        "name": "servuce_name",
                        "in": "query"
                    },
                    {
                        "type": "string",
                        "description": "Start date (MM-YYYY)",
                        "name": "start_date",
                        "in": "query"
                    },
                    {
                        "type": "string",
                        "description": "End date (MM-YYYY)",
                        "name": "end_date",
                        "in": "query"
                    }
                ],
                "responses": {
                    "200": {
                        "description": "Sum",
                        "schema": {
                            "type": "plain"
                        }
                    },
                    "500": {
                        "description": "Internal error",
                        "schema": {
                            "type": "string"
                        }
                    }
                }
            }
        },
        "/subscriptions/user/{user_id}": {
            "get": {
                "description": "Get subscription by user_id",
                "produces": [
                    "application/json"
                ],
                "tags": [
                    "subscriptions"
                ],
                "summary": "Get subscription by user_id",
                "parameters": [
                    {
                        "type": "string",
                        "description": "user UUID",
                        "name": "user_id",
                        "in": "path",
                        "required": true
                    }
                ],
                "responses": {
                    "200": {
                        "description": "OK",
                        "schema": {
                            "$ref": "#/definitions/dto.Subscription"
                        }
                    },
                    "400": {
                        "description": "user_id (UUID) not found",
                        "schema": {
                            "type": "string"
                        }
                    },
                    "404": {
                        "description": "Subscription not found",
                        "schema": {
                            "type": "string"
                        }
                    },
                    "500": {
                        "description": "Internal error",
                        "schema": {
                            "type": "string"
                        }
                    }
                }
            }
        },
        "/subscriptions/{id}": {
            "get": {
                "description": "Get subscription by it's serial primary key",
                "produces": [
                    "application/json"
                ],
                "tags": [
                    "subscriptions"
                ],
                "summary": "Get subscription by id",
                "parameters": [
                    {
                        "type": "integer",
                        "description": "Serial primary key",
                        "name": "id",
                        "in": "path",
                        "required": true
                    }
                ],
                "responses": {
                    "200": {
                        "description": "OK",
                        "schema": {
                            "$ref": "#/definitions/dto.Subscription"
                        }
                    },
                    "400": {
                        "description": "Id not found",
                        "schema": {
                            "type": "string"
                        }
                    },
                    "404": {
                        "description": "Subscription not found",
                        "schema": {
                            "type": "string"
                        }
                    },
                    "500": {
                        "description": "Internal error",
                        "schema": {
                            "type": "string"
                        }
                    }
                }
            },
            "put": {
                "description": "Update subscription by its Serial Primary Key",
                "produces": [
                    "text/plain"
                ],
                "tags": [
                    "subscriptions"
                ],
                "summary": "Update subscription by its id",
                "parameters": [
                    {
                        "type": "integer",
                        "description": "Serial primary key",
                        "name": "id",
                        "in": "path",
                        "required": true
                    },
                    {
                        "description": "Subscription data",
                        "name": "request",
                        "in": "body",
                        "required": true,
                        "schema": {
                            "$ref": "#/definitions/dto.Subscription"
                        }
                    }
                ],
                "responses": {
                    "204": {
                        "description": "No Content"
                    },
                    "400": {
                        "description": "user_id (UUID) not found",
                        "schema": {
                            "type": "string"
                        }
                    },
                    "500": {
                        "description": "Internal error",
                        "schema": {
                            "type": "string"
                        }
                    }
                }
            },
            "delete": {
                "description": "Delete subscription by its Serial Primary Key",
                "produces": [
                    "text/plain"
                ],
                "tags": [
                    "subscriptions"
                ],
                "summary": "Delete subscription by its id",
                "parameters": [
                    {
                        "type": "integer",
                        "description": "Serial primary key",
                        "name": "id",
                        "in": "path",
                        "required": true
                    }
                ],
                "responses": {
                    "204": {
                        "description": "No Content"
                    },
                    "400": {
                        "description": "user_id (UUID) not found",
                        "schema": {
                            "type": "string"
                        }
                    },
                    "500": {
                        "description": "Internal error",
                        "schema": {
                            "type": "string"
                        }
                    }
                }
            }
        }
    },
    "definitions": {
        "dto.Subscription": {
            "type": "object",
            "properties": {
                "end_date": {
                    "type": "string",
                    "example": "08-2025"
                },
                "price": {
                    "type": "integer",
                    "example": 400
                },
                "service_name": {
                    "type": "string",
                    "example": "Yandex Plus"
                },
                "start_date": {
                    "type": "string",
                    "example": "07-2025"
                },
                "user_id": {
                    "type": "string",
                    "example": "60601fee-2bf1-4721-ae6f-7636e79a0cba"
                }
            }
        }
    }
}